{"batch_size": 256, "beta1": 0.8404890210165532, "beta2": 0.8141970349352089, "corr_thr": 0.85, "drop_correlated": "no", "gamma": 0.6837069453050101, "learning_rate": 0.4528057554883652, "minority_oversample": "yes", "model": "ANN", "momentum": 0.28538622987932627, "num_epochs": 76, "optimizer": "AdamW", "patience": 7, "random_state": 684, "scaling_method": "StandardScaler", "scheduler": "step", "seed": 164, "step_size": 23, "use_feature_scaling": "yes", "use_scheduler": "no", "weight_decay": 0.06037799005249093, "dropout_prob": 0.10661756438565197, "num_trials": 1000, "num_buckets": 20}