Model,RMSE,MAE,R^2 Score,Spearman Correlation,Pearson Correlation
ExtraTrees,8.34313169293063,5.689663927615889,0.763326004710557,0.8957410297280396,0.8865238641852545
