{"batch_size": 128, "beta1": 0.8394367462915501, "beta2": 0.884639240806163, "corr_thr": 0.8, "drop_correlated": "yes", "gamma": 0.33787764601003073, "learning_rate": 0.11128449140621435, "minority_oversample": "yes", "model": "ANN", "momentum": 0.34539832033420004, "num_epochs": 37, "optimizer": "SGD", "patience": 7, "random_state": 5096, "scaling_method": "StandardScaler", "scheduler": "step", "seed": 481, "step_size": 16, "use_feature_scaling": "yes", "use_scheduler": "no", "weight_decay": 0.02414347420732582, "dropout_prob": 0.23420212038821583, "num_trials": 10000, "num_buckets": 20}