{"model": "ANN", "dropout_prob": 0.10661756438565197, "num_trials": 1000, "num_buckets": 20, "learning_rate": 0.4395428404432807, "random_state": 2096, "seed": 635, "use_feature_scaling": "yes", "scaling_method": "StandardScaler", "minority_oversample": "yes", "batch_size": 512, "num_epochs": 64, "drop_correlated": "no", "corr_thr": 0.8, "optimizer": "AdamW", "beta1": 0.9103231877710296, "beta2": 0.9479619440012998, "weight_decay": 0.03858124754390866, "momentum": 0.6280901702506705, "use_scheduler": "no", "scheduler": "step", "step_size": 17, "gamma": 0.7378436665625764, "patience": 9}