{"model": "ANN", "dropout_prob": 0.23420212038821583, "num_trials": 10000, "num_buckets": 20, "learning_rate": 0.5539516047504007, "random_state": 6510, "seed": 832, "use_feature_scaling": "yes", "scaling_method": "StandardScaler", "minority_oversample": "yes", "batch_size": 256, "num_epochs": 84, "drop_correlated": "no", "corr_thr": 0.9, "optimizer": "SGD", "beta1": 0.8065335518860137, "beta2": 0.8610885700291806, "weight_decay": 0.03584309254296791, "momentum": 0.4636264688005832, "use_scheduler": "no", "scheduler": "step", "step_size": 38, "gamma": 0.9169122048733592, "patience": 6}