{"model": "ANN", "dropout_prob": 0.10661756438565197, "num_trials": 1000, "num_buckets": 20, "learning_rate": 0.4322293507875293, "random_state": 1896, "seed": 945, "use_feature_scaling": "yes", "scaling_method": "StandardScaler", "minority_oversample": "no", "batch_size": 512, "num_epochs": 77, "drop_correlated": "no", "corr_thr": 0.95, "optimizer": "AdamW", "beta1": 0.8467240971634586, "beta2": 0.8970369084630114, "weight_decay": 0.08817508400750516, "momentum": 0.41624330595038744, "use_scheduler": "no", "scheduler": "reduce", "step_size": 46, "gamma": 0.6179900422493518, "patience": 2}