{"model": "ShallowANN", "dropout_prob": 0.23420212038821583, "num_trials": 10000, "num_buckets": 20, "learning_rate": 0.17733935615464724, "random_state": 139, "seed": 965, "use_feature_scaling": "no", "scaling_method": "MinMaxScaler", "minority_oversample": "yes", "batch_size": 128, "num_epochs": 83, "drop_correlated": "yes", "corr_thr": 0.9, "optimizer": "AdamW", "beta1": 0.8910070603711491, "beta2": 0.8874795542494529, "weight_decay": 0.01703385338538066, "momentum": 0.8687768218858828, "use_scheduler": "no", "scheduler": "step", "step_size": 29, "gamma": 0.5483748643185626, "patience": 1}